,CAGR,AnnualVol,Sharpe,Sortino,MaxDrawdown,HitRatio,FinalMultiple,BuyHoldFinalMultiple,BuyHoldMaxDrawdown
intraday_trend_sol,0.5483905604184365,0.7679220727066611,0.9525216096496402,0.5902412502150493,-0.7542446251919606,0.1061934084544705,9.391145579562867,67.17003641843944,-0.9685452162516381
