,CAGR,AnnualVol,Sharpe,Sortino,MaxDrawdown,HitRatio,FinalMultiple,BuyHoldFinalMultiple,BuyHoldMaxDrawdown
intraday_trend_sol_opt,0.5352298594536993,0.8168996872818088,0.9319315352815406,0.583437778972081,-0.7895318227327426,0.10640696145646861,8.989340565241928,67.17003641843944,-0.9685452162516381
